,tweets
0,england counties offer host remainder ipl september https dlyzxy
1,honestly the best recent times most happening music director thotadhellam hit bgm songs 
2,decision delay his return after the indefinite postponement this season ipl till all his https wggumpbcbw
3,ipl group chat discussing who better shaw gill rahul vaidya will ace kkk https tje cub
4,have all accounts due sudden decrease reach with ipl gone lot accounts are not active 
5,was there bubble breach ipl did the management overlook the possibility new wave blowing out https ctn jmg 
6,ipl somehow adjusted the desired window then what about the workload the players have leagues https anpcil pqb
7,ipl latest news kkr name first overseas player return home fans relieved kkr ipl https xuxjubitls
8,bcci looking for two windows late september and late november complete ipl season espn cric info 
9,cricket australia confirms that its players coaches match officials and commentators have been safely transported from india and 
10,how india national pastime evolved over the last months tiktok pre ban pubg conspiracy theories 
11,cricket australia confirms aussie players coaches match officials and commentators have been safely transported from 
12,take care stay safe
13,https jgazkoe 
14,sir don leave from srh can imagine without you srh team srh mana https rlcjdcn
15,reports emerging multiple australian cricketers have complained that they wanted leave ipl much earlier but they were emo 
16,ipl did the game really have even india healthcare system crashed https wajlwzewu https lhwciodh
17,according espncricinfo late september and late november are two windows for the bcci complete ipl 
18,will ipl start from will resume for where left what you think guys 
19,this day rohit sharma took his first hat trick ipl read story https eazfkcgzlr https 
20,remaining part ipl karake players injury karwane better hai mega auction karwalo september ipl
21,chandrasekhar arguably india only mystery spinner international cricket almost impossible pick and 
22,icymi potential corruptor disguised cleaner was spotted new delhi arun jaitley stadium during the recently 
23,every one busy with ipl but watching vvr the man mega power star happiness world ramcharan 
24,means all fast bowlers got gift from batsman this years ipl 
25,decision delay his return after the indefinite postponement this season ipl till all his csk team 
26,sonu paji thank you much for all the help big big help stay blessed sureshraina said after the help from sonusood 
27,this song directly coming from the rcbian listen once share your love our favourite team https zhe
28,empowering culture 
29,did you remember this match mumbaiindians ipl onefamily rohitsharma indvnz https bndx hxy
30,started taking interest studies after ipl got suspended pubg with announcement https faewc oukx
31,which batter impressed you the most ipl https urim smartstats https rqaf 
32,rcb fan year bro ager ipl cancel nhi hota toh woh season apna tha bro 
33,ranking the ipl skippers solely based how they led their teams this season you agree ipl https 
34,shardul thakur conceded runs ipl which most any bowler this season 
35,according toi ipl may return the bcci mulling over uae and australia the potential venues comp 
36,ipl number wides bowled delhi capitals shardul thakur ipl 
37,you don have football fan before you benefits from this another great opportunity for you experience 
38,ipl matches ipl its boring https fscg blxxw
39,according espncricinfo england counties offers host the remaining ipl england september 
40,sourav ganguly says the bcci will see they can fit the remainder the ipl between the end india tour engl 
41,the cat out the bag crore loss ipl isn completed hope everyone got the answers why ipl the mone 
42,favorite team collapses the tournament also ipl were uae another cou https mxks yyz
43,dear this true https ayauosa
44,onthisday registered the largest victory ipl runs margin after defeating runs simmons 
45,smashing atleast six most matches ipl rohit sharma faf duplessis shikhar dhawan nitish 
46,fan wait for there favourate ones but hopefully mandeep sir dint get https ncwsqvyyrz
47,srh jason holder heartful note india ipl suspension wins jonny bairstow heart https zcmglicxc
48,ipl band boring life 
49,white woman ran after the streets nyc today excuse excuse yes everything okay yes well 
50,reasons why ipl gpl https mmwd seb 
51,suresh raina shared video his kitchen after ipl postponed due covid https nwcywxsypq
52,ipl australian cricketers flee india for maldives but top kiwis remain they are likely chartered back aust 
53,there ambiguity and the status ipl seems jeopardy bcci desperately looking adjust the https ggehng 
54,head home only after teammates reach home report read https cmeblwzar csk chennais 
55,one thing hetmyer has done always commit himself intl team even his batting and fitness are erratic has played 
56,tweets
58,sad leaving the ipl and chennai super kings family csk team was fire this ipl season faf plessis whistle 
60,ipl four county clubs england offer the remainder the tournament september https dwrn pgpds
66,scored same amount runs pujara scored ipl rahul vaidya will ace kkk https mbc mpn
67,english counties target ipl hosting rights https nlvqkxk
68,and aca joint statement postponement https uijs https qlgejklduo
69,ipl captain rankings according dhoni tops the list like boss msdhoni whistlepodu 
70,ipl kkr player laxmi ratan shukla donates entire salary from commentary gig west bengal relief fund https ejbv
72,according espncricinfo england counties offers host the remaining ipl england september ipl 
74,bcci president sourav ganguly ipl bio bubble breach how happened very difficult say https pvxu 
81,congratulations the winner winzestyruns week april may get ready claim your vouchers https cjoewj 
84,did you remember this match mumbaiindians ipl onefamily rohitsharma indvnz nzvi 
85,whom you all think will get the following things ipl here mine orange cap shikhar dhawan purple cap 
90,but kkr and then csk might miss stokes punjab will lose gayle srh will miss kane and nattu 
91,you cant completely ignore the fact that rcb the only team the ipl who loses more matches https llthd
92,ipl pbks punjab kings lose dawid malan score overs https xrrqk ukaz https aheh agtgt
93,win lose you are still our hero csk ipl dhoni https ufbqmv 
94,against csk you lose badly there was assist the pitch for the spin and moreover your pace bowling the https pcuw
95,hurts when lose against you say may https bplppg 
96,ipl pbks delhi capitals lose steve smith score overs https ngzyjesj https ywcx eropr
97,are still the top the table just lost out matches win lose witnessed wond https zirg 
98,today was match watched this season god heart attack lose for csk cskvsmi ipl 
99,csk fan fav team srh but today won support srh this stupid management https pxifi 
100,that innings msd against rcb exam was the next day and looking match https glssbv 
101,nigdi yaa felt bad yesterday when loss but csk will always team was https hyiuaamd
102,last year csk lose the matchs year mana team anthey don worry will back stronger orange army 
103,congress supporters getting happy just like rcb supporters getting happy seeing csk lose
104,bcoz guyz wanted csk lose that they dont too ahead 
105,yes has got the best balance hopefully they keep playing smith and lose the playoffs https ltqouqw 
106,dhoni rues the dropped catches after csk lose final ball thriller mivcsk ipl https edq 
107,ipl pbks punjab kings lose deepak hooda score overs https xrrqk ukaz https mchiov 
108,csk lose united win that order 
109,csk lose one wicket the powerplay with runs the board live https nqjedm zgx vivoipl mivcsk https acf 
110,fielder inside yard circle example dhoni also server for many years just https rozwxyxqle
111,but unfortunately csk lose 
112,win lose true csk fans never criticized team csk any other teams those who criticized they https qomgloklwt
113,aaj toh nai kar raha yar support warner dekke rona ara hai hope comes back against csk and https pbdluqdjkr
114,mayank agarwal brave vain pbks lose highlights below instant analytics players teams and mat https elztvbmal
115,thank sir for giving such wonderfully beautiful horror visuals ever lose job 
116,the people who have lost loved ones don destress watching ipl only those who haven and who couldn care less 
117,csk winning league matches lose finals
118,csk were going well the tournament hope don lose the momentum after the restart
119,ngidi became csk bowler concede runs ipl shardul ngidi for time two 
120,csk lose panna mattum than depression 
121,haha nice joke bro just and check the score ipl https zskkpuze 
122,more than the trophy was satisfied that they fought thanks for giving vibes https qtn ycme 
123,both csk and rps lose one run 
124,want rcb and csk lose from bottom teams and top 
125,only csk lose against 
126,kya pata csk aur rcb game aur milta lose karte aur jeet jate point delhi jitne hote unke
127,have try and get more points and hope csk lose some games
128,some time need lose win great match next time csk rocks 
129,might lose thousand games but still support csk cskvsmi yellove
130,tournament like this you will win and lose few close games when you are under the pump you learn lot 
131,sir they didn want csk lose hence they conducted india since bloody csk can win uae
132,idiot csk fixing win then all other teams have fixed lose the match have https cls 
133,importance batting depth you can afford lose wickets the over good change approach from csk 
134,hmm that proves whole csk team willing lose against ambani money well what expe 
135,ipl pbks punjab kings lose chris jordan score overs https xrrqk ukaz https mrpz yhup 
136,both matchs were won opposition lol humiliated lose for csk 
137,hurts when lose against you say may https kpioyjz 
138,want warner back captain warner like dhoni csk nomatter how plays should tea https gaxthdcilu
139,because they lost their both matches very low margin just run and against they domi https dmhkr
140,win lose once dhoni fan dhoni fan till last breath forever bow down you god let comeback strong 
141,lessons drive from all ipl teams rcb never lose hope and keep trying and trying irrespective botherin https avvs 
143,you lose matches still stand you but you don backup pillars the team you will https ncvu knw
144,last over runs scored sixes four runs ball jadeja not out pounds highest wicket taker harshal 
145,well srh gonna lose 
146,nigdi yaa felt bad yesterday when loss but csk will always team was csk 
147,csk fans deep down are happy that ipl cancelled because they knew again they were going lose semifinal https vjwteyy 
148,having mare today really didn want punjab lose nevertheless csk you back top yellove
149,ipl pbks delhi capitals lose rishabh pant score overs https ngzyjesj https wmrnhltngo
150,ipl pbks delhi capitals lose prithvi shaw score overs https ngzyjesj https hkmpdwgcui
151,don agree with his logic maybe fan you win some matches and you los https ezqt mic
152,say arrange final game between csk and but let them lose officially playoffs the way 
153,csk will never win ipl hereafter guys they don have plans that they are having huge fan bas https rmxvkhsty 
154,more than the trophy was satisfied that they fought thanks for giving vibes and 
155,before may valimai update yesterday csk lose today kamalhaasan lose https lufczmdwv
156,and mark words boy delhi will for the same bowli https pif qjznu
157,they are gonna lose csk this final
158,win lose champions not its doesn matter forever love for will rema https axogdibaso
159,asked mom why aiadmk lost and her response csk can post and lose why not aiadmk https jllwny 
160,the csk ceo thinks will part also don lose hope yet https kqka 
162,you lose matches still stand you but you don backup pillars the team you will lose 
164,indian bank signed mou with mahatma phule backward class dev corp ltd mpbcdc their sole banking partner for 
165,oxygen concentrator available delivery pan india delivery can pick from office also call https bgveunxk 
166,sripada was indian actress who appeared bollywood and bhojpuri films coronavirus https llztfpubvo
167,provide oxygen cylinders supplies all over mumbai thane contact verified may indian 
168,now you know why delhi needs when mumbai did with for the same number patients https cekpxon 
169,india nuclear safety appears jeopardy kgs uranium can fall into criminal hands mumbai then https iairgwhyn 
170,indian cricket team skipper virat kohli has stepped spearhead the covid relief initiatives mumbai right https lkpy 
171,farah khan indian choreographer dancer actress film director and producer born mumbai she has choreog https rew dgvcai
172,antilia bomb plant case mumbai police commissioner himself clearly putting such serious allegation https uhxtqwbvhw
173,and our karyakartas are standing our people every difficulty faced them and our resolve assist them 
174,dear indian citizens covid afflicted sympathise with hence 
175,south mumbai ali road oxygen cylinder available name taha bhoira phone depos 
176,indian navy steps covid relief operation samudra setu with ships from all naval commands mumbai vizag 
177,verified new delhi remdesivir available cipla distributors try this also new delhi remdes 
178,niece and son law hospitalised and they need remdesivir urgent details wockhardt hospital mumbai central 
179,entire cabinet resigned when armed pakistanis made picnic visit mumbai and showcased their shooting skills 
180,this day rohit sharma took his first ever hat trick ipl and became the youngest indian player 
181,aksha pardasany indian actress and model she was born november mumbai maharashtra india she https lfhxwfcxc 
182,make sense covidsecondwave covid india read this analysis high school intern mum https eosouwrmy 
183,siddarth needs treatment will take you the righ https injb ogbn
184,mumbai accounts for india economy contributes income tax collections customs duty collections 
185,make sense covidsecondwave covid india read this analysis high school intern mumbai who 
186,city mumbai gosportindiaquiz gosportindia trivia quiz bonus win sportsquiz sports https jeio mkxlx
187,ankitha indian actress she was born may breach candy mumbai india she mainly appears tamil https gqcktwmc 
188,soon goi proposed oxygen audit supreme court the oxygen crisis delhi ended and will soon mumbai https nonpdwwq 
189,this why delhi needs when mumbai did with for the same number patients https flxhy 
190,https lweo gspkj
191,spine always grows the back that against the wall hell with america bharat biotech has already sourced all 
192,verified mumbai remdesivir available cipla distributors try this also mumbai remdesivir 
193,mumbai indian just delivered gold membership card with the merchandise what immaculate time receive 
194,mumbai other home and maharashtra are generally well governed relative other indian cities and states their 
195,kamna jethmalani indian actress and model she was born december mumbai india she mainly work https bslninko 
196,these will sold local market mumbai delhi indian just you watch https fhmgl ohkr
197,take immense pride and pleasure announcing the launch our representative office mumbai india the indian https ywjpsxonjh
198,payal gupta from mumbai suburbs avid football fan works mobilise the support women game only 
199,people possessing uranium arrested from the peaceful area mumbai nagpada this happens when janab 
200,the hotel association india has urged the indian govt for support the hospitality industry these troubled https crqyaf 
201,indian bank signed mou with mahatma phule backward class dev corp ltd mpbcdc their sole banking partner https vhhvthsyvz
202,maharashtra two people were arrested connection with illegal possession natural uranium nagpada area mumbai yesterd 
203,after destroying mumbai oxygen hub for metro shed aarey colony felling more than trees bjp was power 
204,now indian manufacturer and have design studio pune mumbai italy seems https ofodbjd 
205,with due respect sir you found your fame and fortune mumbai not kolkata was maharashtra that gave you stature 
206,while the world generously donating relief funds help india amid covid crisis indian continues behave like selfi 
207,india nuclear safety appears jeopardy kgs uranium can fall into criminal hands mumbai then where 
208,here list homegrown craft spirits third eye distillery hapusa gin nao spirits https fgjeej 
209,shorts cheese frankie mumbai indian street food veggie foodies https gunsvkjopw via 
210,mumbai other home and maharashtra are generally well governed relative other indian cities and states thei https hjmjuy 
211,onthisday may indian navy dedicated marcos base was commissioned mumbai the marine commando force mcf 
212,thanks yoram dvash president the wfdb who decided take the lead helping the indian people the wfdb https ewvzlf 
213,https ydcuh pldl
214,third year graduation exams the university mumbai held online first time the history the indi https mmkx 
215,amrita rao indian film actress and model who primarily appears hindi language films born and raised https bzqpjjjw 
216,indian navy steps covid relief operation samudra setu with ships from all naval commands mumbai vizag https acuiizonml
217,indian navy steps covid relief operations nine warships transporting oxygen medical equipment from abroad https 
218,indiannavalhistory onthisday may insabhimanyu indian navy dedicated marcos base was commissioned mumbai 
219,thursday sorted order our mumbai style pav bhaji full classic flavours and taste rapchik brings authentic https fzfxior
220,big city indian liberals cannot accept any research not published specific have been honest past https lapruirbf
221,srushti dange indian actress she was born may mumbai india she the most popular actress https wzmbgc
222,maharashtra ats arrests abu tahir and another for prosession uranium worth from nagpada mumbai
223,oxygen concentrator available delivery pan india delivery can pick from office also call 
224,proposal name navi mumbai airport after bal thackeray faces opposition from locals cities news the indian expr https yadfco 
225,really really did you dhili danga gujarat mumbai danga and last days people died https rtywcbnr
226,wtf uranium worth million wth indian doing with uranium shopping bag the streets mumbai https bnfcx
227,dalip tahil detailed stats https wxnnurwev news related the indian express mumbai actor dalip https uwwdeidoe 
228,oxygen concentrator available ltr and ltr ready stock delivery pan india delivery can pick from office 
229,avika gor was born june mumbai maharashtra india she indian actress who appears hindi https rxhnwo 
231,modi lost elections bengal kolkata players got covid positive match modi stadium revenue for ipl https qeie qyq 
232,fans slammed the team management after kkr suffered loss the hands their last outing and trended sackmanage 
233,brendon statement after kkr loss
234,kkr will ready for loss all remaining matches always csk fan https qmo aoz
235,first asala kkr camp entha mandhi positive telisthe dani batti oka decision teeskovachu just players https iwk 
236,win loss with not with cruel srh team management 
237,win loss with not https eluuylxbgg
238,why you saying like this not here loss and get away from playoffs spots https mom zpou
239,ipl rcb predicted kkr virat kohli may recall washington sundar after loss against delhi capitals https unwgd
240,kkr srh rcb toss loss aiduchu uncle indha season dhoni luck ila 
241,agarwal has registered fify plus scores ipl since six them ended losing cause only https anlcji aiw
242,there way ban kkr but would huge loss their sponsors and maybe will black spot for ipl forever
243,why you saying like this not here loss and get away from playoffs https voogsxqtoz
244,rcb loss the game tomorrow kkr 
245,match getting postponed for least kohli terror kkr loss delayed some time can take somet https duhwkhj
246,aging such fatigue body aches and loss taste smell additionally some covid patients have visible https mxsx 
247,sorry for your loss sheldon may she rest peace meanwhile you stay safe and take care yoursel https qfmdrxiyi 
248,private equity firm kkr quarterly profit before accounting for preferred stock dividends was billion compa https kkgrnvnfxv
249,was about win crore today circle make compromise and request kkr give lac for loss 
250,kidney function during ageing are well documented but little known about underlying molecular processes that dri https lfnpwalkm 
251,ipl crashlands huge financial loss ipl 
252,condolences for his loss https xbtdfqwtsl
253,why you saying like this not here loss and get away fro https saxjo 
254,ipl rcb predicted kkr virat kohli may recall washington sundar after loss against delhi capitals https khc jqowdi
255,not big task for you try you can know welfare stimulus gives https 
256,agarwal has registered fify plus scores ipl since six them ended losing cause only 
257,pbks kkr are very close putting together the perfect game chris jordan after punjab kings loss are https wmrdqg
258,ipl continue from uae ground india tour matches suspended for heavy loss bcci loss for bcci ipl will https qnb ayk
259,morgan our england captain morgan will return england for preparation for odi https xhj djtjla
260,ipl continue from uae ground india tour matches suspended for heavy loss bcci loss for bcci ipl will conti 
261,today match prediction rcb loss the toss and kkr bowl first virat hit more than runs gave https wafpwu 
263,kkr are waiting for loss big margin always csk fan ipl ipl mean csk
264,loss can also make captaincy change same kkr script result for what has been saying press conf https uipnvvet
265,kkr back home for this season net run rate will after matches https agmuvv
266,wow win the best team the world mivcsk pollard far wins kkr srh https odo
267,only matches were played chennai out and out those matches https msylni 
268,need update warner win loss with not with 
269,kkr look like they are one loss away from hosting twitter space discuss game strategy for their next match 
270,passion play loss grief and desire win now kkr just team without any feelings sackmanagementsave 
271,win loss with not with cruel srh team manageme https ttijoz kkm
272,ipl crashlands huge financial loss https glwh ophm
273,kkr please ready for loss all remaining matches best and great team https vokzjmu 
274,hmm gill will get great offers mega auction released could face future for any https etpr hvv 
275,rcb loss imo kkr form mein nhi 
276,wsjmarkets private equity firm kkr quarterly profit before accounting for preferred stock dividends billio https nixtyqexum
277,last meetings kkr rcb kkr get lost taiyar rahna for next loss
278,fans slammed the team management after kkr suffered loss the hands their last outing and trended https fddnotenld
279,today loss for csk made realise that heart sunk low lost pakistan just https wzfdhop
280,yeah speaking realistically they may ask kkr get https zeonlu rpi
281,ready for loss kkr today rcb win but csk will champion ipl csk https mkuyc 
282,kkr after loss against rcb after loss against pbks who will take over whom for kkr for 
283,honestly kkr aur rcb haarte huye dekh ajeeb khushi hoti hai don get wrong https qazlnjjxmd
284,https yzciv revenge for bengal loss bengalelection ipl 
285,need update warner win loss with not https gqc mvt
287,ipl rcb predicted kkr virat kohli may recall washington sundar after loss against delhi capitals https xle wzntux
288,kkr after loss against rcb after loss against pbks who will take over whom for kkr https xjbyqsi
289,wow win the best team the world mivcsk pollard far wins kkr srh csk 
290,private equity firm kkr quarterly profit before accounting for preferred stock dividends billion compared https syksyea
291,win loss with not with 
292,know and just come good some point time retaining him fine https clny 
293,agarwal has registered fify plus scores ipl since six them ended losing cause only https irygz 
295,shauryaauranokhikikahani ipl suspended till further notice cricket fan bad news for butttttt 
296,bad news for cricket lover 
297,https qtbluu
298,bad news ipl has been suspended indefinitely because covid stayhomestaysafe 
299,the test has taken new interest for spoons charge selection buttl https 
300,another bad news governing council ipl and board control for cricket india bcci emergenc https edsr vndes
301,win copy the secret cricketer tsc now being serialised how many bad umpiring decisions does tsc think https ddsmkpnn
302,ipl suspended bad news for david warner pat cummins steve smith glenn maxwell aca chief said this https ppnkdkvn 
304,bad news for india ipl postponed worldcup also impossible india mansoor ali khan https aydrmnxkfv
307,bad news for ipl fans the indian premier league ipl has dived into crisis with players testing positive for https tfteb rlbw
308,ipl has been suspended for this season very bad news for rcb 
309,didn you say the end the cricbuzz live may night that you have some bad feeling about https tknaesnjkc
310,very bad news was too much fun the ipl matches https uwre evgmv
311,bad news
312,update ipl bad news all the match ipl has been postponed the new date will decided ipl follow https lvnukfffxj
313,ipl kangana ranaut time scroll only bad news and feel more helpless
315,bad news for cricket fans corona ipl jeet liya 
316,very worst condition and this pandemic situation ipl being conducted too bad good https zzjhb jikd
317,very bad news for ipl lovers https hgxoilbs 
318,news was bad but due cover this step was good
319,finally bad news everyone ipl was suspended due corona sometimes even god cant bear the injustice https pgktl tuom
321,get bad news but must done stay safe ppl https hhjlyxcjub
322,dontignore thstudents ipl jab secure babule rhne bad bhi corona sakta students conform https uhoitjhqi 
323,ipl suspended bad news for davidwarner patcummins stevesmith glennmaxwell aca chief said this iplsuspended indi 
324,win copy the secret cricketer tsc now being serialised how many bad umpiring decisions does tsc think 
327,bad news for ipl fan 
328,cricket news bad news for australian players after ipl suspended australian players left ipl cricket news https udwgyjcy
329,the stakes are very high right now for pakistan pakistan reputation hosting nation has significantly improv https ewpdbu 
330,bad news for cricket lovers
331,very bad news for ipl fans but first focused covid cases where daily increasing cases think https lpfw 
332,beg differ ipl did nothing make the situation worse they hardly consumed any resources https nrhiehkhr 
333,iplcancel bcci ipl ipl suspended iplcovidbreach breaking news ipl got suspended because multiple players teste 
334,bad news for ipl fans iplpostponed https hmwdxe
335,very very bad news ipl has been suspended indefinitely because covid stayhomestaysafe 
336,what about csk fans because was dhonis last ipl more bad news than rcb fans who never gonna won the ipl
339,the indian premier league postponed due covid very bad news the ipl for all players stay safe ipl https 
340,not even ipl relief from the spate bad news our prima donnas couldn even stay effing biobubble for month 
341,abba sairam kanganaranaut one good news her account was suspended and one bad news ipl was cancelled that https guanp
342,good decision not hold any more ipl match the tournament completely postponed finally they have taken https trqujpsi
343,really bad there actually not seeing much news covid coverage anymore media https ojb kpsjwb
344,bad news for india ipl postponed worldcup also impossible india mansoor ali khan full video https rny 
345,bad news for india ipl postponed worldcup also impossible india mansoor ali khan full video https gxnepoprwf
346,the suspended indefinitely bad news https hal wod 
347,very bad news make sure watch soon possible covid situation should taken care https cptmlp 
348,really bad news want ipl for timepass
349,bad news the ipl has also quarantine https zdna waz 
350,bcci indianpremierleague bad news for ipl lovers iplcancelled ipl suspended https ktzzdmp 
352,the bad news came indefinitely postponed the this good for the current situation but also https sneg 
354,iplcancel the war between corona and ipl corona wins the thropy and cancle the ipl this year this https loflsevj 
356,kanganaranaut ipl got suspended today good bad news all the same time universe balancing itself 
358,very bad and sad news for ipl lovers https zzgymyjybh
359,ipl postponed very bad news bcci ipl icc askstar aajtak https nslca 
360,bad news least can stay home enjoying ipl 
361,hmm bad news wake guess won tweeting for while ipl was fun while lasted
362,bad news ipl suspended good news for now archer and ben come back when ipl will hel https hwwylocijj
363,really bad news that ipl not happening was forces maintain social distance and lockdown hope every https wsaxzrrrsl
364,ipl suspended bad news for davidwarner patcummins stevesmith glennmaxwell aca chief said this https echt zns
365,dontignore thstudents ipl jab secure babule rhne bad bhi corona sakta students conform 
366,very bad news
367,ipl brought bad news tournament postponed due corona new schedule will announced later https ktte 
368,cricket news may ipl bad news rcb blue jersey big player outs rcb good news has been published https oie ahqqt
370,bad news for all the cricket fans and ipl lovers after the cancellation yesterday match today https dqgzherb 
371,the good thing about ipl ending that have been spared cred advertising bad news that cred will bac https rcj vtkiaw
372,bad news for cricket lovers specialy for looking good this season https gvmuz
373,chalo bahut saare good news bhi aaj mila hai kanganaranaut twitter account suspended lockdown bihar https ykxo htd 
374,bad news ipl got suspended iplcancel ipl rcb kkrhaitaiyaar csk punjabkings delhicapitals srh bcci
375,according news ipl postponed really very bad news 
376,this very bad news for 
378,bad news for ipl fans iplcovidbreach iplcovid https vdef 
379,ipl bad news for msdhoni fans csk takes this decision ahead rajasthanroyals clash ipl https fms 
380,ipl suspend due covid very sad and bad news for cricket fans ipl https mzvplopwt
381,bad news for cricket fans https wbl eiei
382,bad new ipl indian premiere league suspended because covid this really bad news for their fans
383,psa for indian this bad news for cricket fans but right decision made the wake prevailing covid situation https lruqnlr
384,bad news for all ipl fans iplcancel cancelipl postponed https przpu ejlm
385,this very bad news for ipl fans iplcancel ipl suspended for limited time iplcancel
386,very bad news for ipl fans but human lives matters first great decision dada https chw fsmci 
387,bad news for kkr and rcb fans also for ipl lovers kkrvsrcb https kosnrzdvyh
388,bad news for fans
389,this bad news for all the cricket fans and this only entertainment evening remove all https xturvcaz 
390,one the biggest leagues the world ipl match kkrvrcb postponed bad news for ipl fans https ewn 
391,bad news for cricket fans but life every player important therefore good disicion
392,bad news ipl indian premiere league suspended because covid this really bad news for their fans
393,ipl bad news for msdhoni fans csk takes this decision ahead rajasthanroyals clash ipl indianpremierleague chenn 
394,srh wriddhiman saha delhi amit mishra test positive for covid one more bad news for all fans 
395,one the biggest leagues the world ipl match kkrvrcb postponed bad news for ipl fans postponed https ryxennjlw
396,bad news for ipl fans 
397,one the biggest leagues the world ipl match kkrvrcb postponed bad news for ipl fans https 
398,another bad news for ipl fans ipl csk lbalaji cricket cricclubs photo source ipl bcci https xfvf jhi
400,more bad news for the ipl fans covid wriddhimansaha amitmishra https fuera 
402,bad news for csk and ipl fans prime news prime newslive csk kasiviswanathan lbalaji ipl ipl https xaep jxa 
404,ipl was suspended due the covid its bad news for every cricket fans india suspended https qhtykbmz
405,srh wriddhiman saha delhi amit mishra test positive for covid one more bad news for all fans https fivcd 
408,bad news for ipl fans ipl has been suspended due covid cases iplcancel iplcovidbreach iplsuspended staysafe
410,bad news for ipl fans ipl ipl covidsecondwave https xqpnkxx
414,bad news for kkr fans
415,bad news for kkr and rcb fans todays match was postpone 
416,what bad news for cricket fans hope all kkr players are fine safe 
417,ohh its very bad news for all the rcb fans kkr fans sad 
419,shauryaauranokhikikahani ipl suspended till further notice cricket fan bad news for buttttt https xlcpr nut 
422,what better for india ipl canceled ranaut twitter account banned 
423,covid infection fest you are banned from entering your own country come maldives https dxwlg 
424,why only pubg was banned india because tiktok got relaunched takatak why they banned pubg https lfbewlcmob
425,kolkata knight riders should banned from ipl permanently they played huge part suspension ipl chutiy https duqgrrpfs
426,ipl postponed classes suspended days week lockdown slow internet pubg account banned vaccination postpone https nfwihbto
427,they feared kolkata win ahmedabad banned ipl 
428,ipl had been banned few weeks back then based rcb being top table back then rcb fans would https jwfm tiwrm
429,pubg should remain banned ipl should come back september who agree with 
430,ipl postponed classes suspended days week lockdown slow internet pubg account banned vaccination postponed 
431,ipl should banned
433,dude ipl canned kangana banned what for entertainment these depressing times bringbackkangana
434,why did the bcci think was possible host the ipl india they should sued for lost income https 
435,apparently three things events were suspended banned yesterday ipl jee exams and kangana ranaut twitter accou https kdxe xrpdj
436,tweeples today ipl banned fanwars https ndurqa 
437,how earth will there ipl uae when they have banned flights from india they must drop the games for good 
438,australia even banned their own citizens the cricket players who were playing ipl not sure how https uatmzz 
439,ipl like cancer which slowly but surely killing cricket the sooner ipl bann https qgwwc 
440,must suspend banned irresponsible players varunchakravarthy
441,rescheduled during any england fixtures any player who decides play the ipl https kmcxbpfinb
442,bookies like sarjeel umar akhmal amir are banned from ipl spot 
443,you have brains the chennai 
444,before world cup instead practicing your best combination for world cup international teams will https ojj 
445,really didnt understand the need move players different venues when any case spectators https 
446,having studied international media how media lobbying works recommend don get played our own are dying and https 
447,sydney least australians involved the indian premier league are limbo after the lucrative cricke https tgftrfv
448,because you porkis are banned from the ipl chutiye obviously you have interest 
449,since australia temporarily banned the entry people from india due coronasecondwave australians the ipl https rmzodml 
450,covid infection fest you are banned from entering your own country come maldives https 
451,since australia temporarily banned the entry people from india due coronasecondwave australians the ipl https mrwjbsxyob
452,yeah but flights from india australia are banned and imprisonment for years they arrive
453,abolish totally else they will corrupt the entire country once two teams are banned for two years even https pyr gtk 
454,fuck ipl the best thing ever good that these fixed matches are banned
455,whilst australia and britain have banned their ipl players from entering both countries until their https nopfaltc
456,why not these joker wrote why ipl shud banned https obip vodmz
457,when the morrison government banned all australians indian origin returning home didn count cricket https viviq lzd
458,between brother they banned ipl today
459,modi policy paralysis cripples vaccination drive india says plus pilots want vaccine overseas 
460,modi says has banned the import corona help quicken the ipl restart https rydhnb
461,least australians involved the indian premier league are limbo after the lucrative cricket tournament was sudde 
462,expect millions fake whatsapp forwards now distract people from govt utter incompetency handling covid https twmfkf apm
463,australia has banned its own citizens from entering their country the australian government needs take some https wryv dzi
464,ipl has been banned toh football dekh uncle serial piche kyu pare 
465,while entertains this covid era and least bringing some smiles this called ruk ruk kha 
466,australia has banned all travel with india till least may even for own citizens ipl https reszdchkei
467,sri lanka now announcing that the quarantine packages that allowed travelers from india bound https oxp aku
468,playing ipl pandemic crime cricket not that worthy ipl should banned for ever
469,last year had ramayan mahabharata ipl pubg etc this time since half the things got banned have bjpitcell https nkspz
470,least australians involved the indian premier league are limbo after the lucrative cricket tournament https tugs rsm
471,which ipl franchise was banned for two years 
472,kangana twitter account suspended ipl suspended bill gates divorce saba naqvi condemning violen 
473,ipl banned and kangana run out from twitter incident
474,ipl scam adventure make money like chit fund ipl must banned does ipl add any valua https alrpx xojq
475,spinelessbjp news bjp lost elections kangana account banned ipl suspended rohit sardhana died https fawzmrpf 
476,australia has banned travellers from india who have been the country within the prior days but interim https ltmxfzlzmg
477,while entertains this covid era and least bringing some smiles this called ruk https ytfoutsvf 
478,you have come out the pain from being ipl banned take look the situation bengal bengalisburning bengalviolence
479,ipl banned 
480,through this https fhxu qnc 
481,ipl suspended australia banned commercial flight australian cricketer kidhar jaayenge maxwell chalo apne sasural 
482,australian government has banned indians and anyone returning from india how you expect https elq tovses
483,what about seresanth ajit chandila ankit choha https mvjizhyxsb
484,according you now ipl banned not suspended 
485,how the hell did raina come this serious trouble pls psychiatri https khtavnl
486,right and there are some blind people who dont understand the game https pyewsolmbl
487,david warner being banned from the international was the biggest setback for him and https aqeyppqewb
488,should dismissed banned and suspended what coincidence even ipl suspended 
490,bts army these ppl are shit bunch loosers and attention seekers https skmyqmcvpr
491,they are not conducting ipl matchs cause corona hate here
492,don get offended bigboy swann and cork haven commentat https rhzx ahp
493,did really love them then how can tweet about them you are following ipl but you also hate ipl 
494,srh management took the most divisive decision ever only last for one match before ipl suspended now the amoun https xmj xfslvu
495,dude stfu never imagined the people with these mindset are still there and you https scdfzptek
496,yes sensible talk but know the bhakts will still hate bcz its their modi jee govt who gave https btjy 
497,btw following every indian cricket and many ipl franchise and then aslo spr https 
498,ipl suspended and kangana permanently suspended from twitter come namo should irrevocably suspended https peyg 
499,ipl suspension the cards some will rejoice not going coz amongst all the doom and gloom hate for the corpor 
500,bjp temporarily suspended from ipl indefinitely suspended from being held kangana permanently suspended from twi 
501,https geyngsi
502,iplcancel people who hate ipl https nehxgfc 
503,kangana suspended ipl suspended now the only source hate and entertainment republick 
504,hate that the ipl was postponed especially considering how well csk was doing but the audacity and arrogance https vtdi
505,brother watch ipl big fan dale steyn and virat kohli love https fke 
506,people are literally dying and irls post stories like omg ipl want lash out them bad this count https afrtygcynv
507,how can you say rohit this ipl rohit and kohli both are same form and https pdwy srtcx
508,bts army these ppl are shit bunch loosers and attention seekers https jfcxeeg
509,well but hate the fact that cricket given huge importance than our national game https ptrcynkj 
510,these ppl are shit bunch loosers and attention seekers ipl over they want new target https gwkamjhe 
511,ambani gets undeserved hate
512,bjp temporarily suspended from ipl indefinitely suspended from being held kangana permanently suspended from https euxc moq
513,people like hate capitalism and then and cry over ipl getting canceled like bestie don think you understand 
514,cricinfo run indians not sure what you were expecting they may not show https lgcxbzll 
515,still some nibbas ipl fans will hate msdhoni rashmikamandanna https llzzww 
516,created new account just for ipl get suspended ffs hate 
517,proper kutai needed when they you can molester fan fan the same time all the https ycmigkmnxe
518,now will return jamaica hate becoz your latest innings ipl against csk idiot earni https ygtjtb 
519,yet another example the sulzberger times racist and colonialist gaze india see one example how https 
520,bts army these ppl are shit bunch loosers and attention seekers ipl https vxxv kaasj
521,don really have particular hate towards ipl but just hate the fact that they don want ipl https 
522,ipl and hate mongering twitter account have been suspended today only one should resumed when the time good 
523,bts army these ppl are shit bunch loosers and attention seekers ipl https axdoxeqmoa
524,hate hindsight merchant but how did these mega brains think they could organize ipl without issues while https lduj mpg
525,there simple solution don watch ipl you suggesting that player who wears csk jersey https okiasprufv
526,cricket australia not seeking exemptions for ipl stars betting their games tampering with their balls leave the 
527,this also for have seen few our journalists are celebrating the postponement these https illt oulgj
528,hate ipl especially mumbai indians and dhoni 
529,follow psl watch some games too and have seen many indians watching psl https rsgnershax
530,ipl suspended now will stop spreading hate against any player sorry everyone and especially 
531,bjp temporarily suspended from ipl indefinitely suspended from being held kangana permanently suspended https hsphy
532,ipl temporarily and kangana ranaut permanently suspended neither followed nor have anything with https klfamjwv
533,bjp temporarily suspended from ipl indefinitely suspended from being held kangana permanently suspended from 
534,hate that guy chutiya imo doesn know how talk girls
535,but the english fans hate ipl they don want being hosted there this september 
536,bts army these ppl are shit bunch loosers and attention seekers ipl over they want new https ogflimp
537,bjp temporarily suspended from ipl indefinitely suspended from being held kangana permanently suspended https zxacd
538,worst possible team ipl don have any hate just according their performance gill rana hardik shankar https qiwmnpdpn 
539,the ipl team you hate the most for reason 
540,are bhai ipl wajah hate hai koi bhi chahe trophy jeetle koi hate hai https apc 
541,its painful see many staunch nationalist network hurling hate modi haven given them still trust 
543,ipl suspended now will stop spreading hate against any player sorry everyone and especial https oqewpelfgy
544,well educated fools took decision like this hate ipl officials who make this decision https gagq yfc 
545,who said you sir bcci suffer all will get paid once ipl will resume don create hate
546,sorry hate for ipl iplcancel playerwhowantscore run tmkoc tarakmehtakaooltahchashma avenger https ebsiymyg
547,why are spreading hate don like indians players icc bcci don write shi https nbcj 
548,let keep religion aside categorize this speech into hate speech instigating riots abusive content viol 
549,hate the words distraction circus extravaganza ipl the world premier cricket league its great for sport bus https jogvxle 
550,what about the hate and troll when ipl happened uae don https luibgfgcrg
551,lol bro you have shown your true colors used follow you but clear you have some hate for ipl https ugz hwysuj
552,don hate the ipl just don care about that much https yjxg
553,bjp temporarily suspended from bengal ipl indefinitely suspended from being held kangana permanently suspe https jjcv 
554,cricinfo run indians not sure what you were expecting they may not show but they hav 
555,ipl aside dont know there much hate people who are rich
556,bjp temporarily suspended from bengal ipl indefinitely suspended from being held kangana permanently suspended fro 
557,and you know hate the fucking ipl now dem boy trapped india 
558,bjp temporarily suspended from ipl indefinitely suspended from being held kangana permanently suspended from https gycy 
559,sorry hate for ipl iplcancel playerwhowantscore run tmkoc tarakmehtakaooltahchashma avenger 
560,worst possible team ipl don have any hate just according their performance gill rana hardik shankar smi 
561,you clearly haven been following tweets for long because not only been critical https tjfhuhpcie
562,cricket australia not seeking exemptions for ipl stars betting their games tampering with their balls leave https xskv 
563,ipl was suspended has nothing else now than continue his hate agenda 
564,hate ipl but love this man was kind miffed him now again lobe 
642,imagine the politics ipl happening delhi ahmedabad and kolkata with cases rising crazy and delhi emerging the epicenter
643,ipl teams impacted covid members these franchises tested positive for the virus cnbctv politics https pwarklbvrq
644,covid india from ipl elections india undone opiate cricket and politics writes 
645,the situation improving people just got tired sharing sos and found entertainment kangana ipl and bengal politics 
646,when people die just bcoz shortage oxygen bed all nowdays and india spent money ipl https giqoiargv 
647,covid india india federal health minister harsh vardhan had come with this baffling observation that corona was 
648,agar indian cricket team selection politics hata toh sanjusamson surely deserve place back indian team 
649,you are neutral situations injustice you have chosen the side the oppressor speak out against fasc https ckv 
650,please cut the crap you had knowledge about any sports leagues the world you would not https oipnsjpbqv
651,mike atherton says succinctly cricket and politics india too close for comfort https azhjwnhxlm
652,ipl cricket tournament halted covid wreaks havoc india variety https ovqu
654,stop the ipl once mockery the bereaved families and the people struggling find beds hospitals https ggk xkfu
655,has been good day terms politics ipl worst day possibly just 
656,please don play politics with ipl the only event which gives https mnp pyrdvt
657,covid india india federal health minister harsh vardhan had come with this baffling observation that coron https oysny 
658,ipl kieron pollard blitz helps edge csk high scoring thriller https politics https xpbhlnps 
659,these local politics are more interesting than the ipl these days lingojiguda bjp corporator akula ramesh succum https hjmxjddmj 
660,even this pandemic situation the government can compromise with the election and their dirty politics the https yipf
661,bringbackwarner warner srh when fans can see you professionals wish politics https xtx
662,farm protest linked with politics people already know election need called off kumbh need https cnpcfsazuy
663,sad see one the greatest player ipl history carrying water https clmbcqanyd
664,vah modi vah you are busy playing politics you are not even thinking cancellation ipl just https ojtmsstttc
665,indians would not publicly admit but what good ipl without the best batsman world not inviting babar azam india 
666,since manishtiwary has joined politics request you ban him for joining any form cricket future 
667,followed you was fond your thoughts vision but last couple days https nlfs pllps
668,pls beg stop the politics ipl please talk about the plight the medical fraternity which going throu https curr
669,aswin don interfere politics that idiot reason for hundreds deaths delhi was enjoyi https ffeihddlsx
670,kahan hain log kahte the ind pak cricket badh logon jaan hai aaj agar cricketers covid hot https mxm
671,but indian prime minister busy politics and indian people ipl and news busy dalai
672,but khumb mela ipl and elections some states were very important therefore they were conducted https gnqxc pxn
673,there difference and thinking covidsecondwaveinindia comes power and politics 
674,bringbackwarner warner srh when fans can see you professionals wish politics what 
675,ipl has been cancelled why our mydhyamik not means celebrities and players are more important than young https kqreowuyyn
676,ipl cricket tournament halted covid wreaks havoc india https mihtd 
677,people social media filled with much negativity only covid politics nothing positive entertaining https dljyeu 
678,attributing everything politics our dna has ipl assembled crowds like election rallies kumbh 
679,journalists who cover dirty politics see cricket the same way people who don like cricket criticizes https hnrjm lap
680,dale the issue stems from the fact indians just can stop https uqj zci 
681,bjp has started hate politics tamilnadu now they not creating hate between two religion they creating hate within 
682,covid india from ipl elections india undone opiate cricket and politics writes https flsrbymp
683,can blame the govt politics and others only https zszcq 
684,ipl cricket tournament halted covid wreaks havoc india https gmkbjdhv https ypjcal 
685,pil bombay seeks crore medical supplies apology from bcci for conducting ipl https hfopi rsbf via 
686,the ground allotted the most matches ipl including the play offs and the final was the narendra modi sta https hfh wfciqa
687,have you lost any your loved ones not you are not with the people delhi because when https juytgq 
688,worst management srh waste fellow without warner waste team they can even chase https mnjyo 
689,attributing everything politics our dna has ipl assembled crowds like election rallies https xcjrqnr
690,what are doing ourselves not part team but keep jumping teams ipl similar politics that part https whhyyfbe 
691,till non cricketer while seated top chair then one can save cricket some person involve this institute for politics 
692,many young people are dying india this variant even health care workers are getting severely affected https lero 
693,you are neutral situations injustice you have chosen the side the oppressor speak out against fascism 
694,dear kalanithi maran srh owner please don encourage nepotism and politics ipl allowing vijay shank 
695,news from variety ipl cricket tournament halted covid wreaks havoc india https kikcfh via https olqco cbac
696,just ipl suspended 
697,ahmedabad leg causing havoc politics ruining cricket the only way get the ipl going schedule https ecuxptnb
698,like ipl there some unsold players due there strike rate and track record same indian polit https mipwipal
699,think politics because modi shah lost the election 
701,election and politics are the reason conduct ipl these situations well
702,https mjzkht bfj
703,the should release executive order that all gatherings political social https hlqtz 
704,time rise above petulant politics information regarding allocation institutions across state 
705,ipl suspended indefinitely after several players test covid positive ipl iplsuspended covid https kwtpman 
706,celebrating victory when people are suffering india instead focusing common people covid all attentio https hgg 
708,ipl cricket tournament halted covid wreaks havoc india https gwec htva
709,pil bombay seeks crore medical supplies apology from bcci for conducting ipl https zacx dgy
710,bjp supporters must realise that bjp loss any election not modi shahs loss but our india loss they 
711,airport exposure outside food delivery how the ipl bio bubble was breached https politics https usglnmkkq 
712,ipl suspended indefinitely after several players test covid positive ipl iplsuspended covid coronasecondwav 
713,what are doing ourselves not part team but keep jumping teams ipl similar politics that part https odeotcg
714,agar indian cricket team selection politics hata toh sanjusamson surely deserve place back indian https zvo bzvl 
715,bjp congress jds ipl politics karnataka pathetic 
716,celebrating victory when people are suffering india instead focusing common people covid all attention goes 
717,ipl had great entertainment value apart from being real refresher away from gutter chhap politics but the https mpwz ehnb
718,what your contribution these times other than twittering dumb tweet https rnwn jchsa
719,ipl don thrill anymore job offers don excite anymore interest politics can fake laughter can https mjroht 
721,same you bcz your supporting shame less party and you got hitting your bowling https wvsfaz 
722,such sad state affairs india that unfortunately foreign media providing better reporting the situati https rxe 
723,ipl cricket tournament halted covid wreaks havoc india https tlbr 
724,dear kalanithi maran srh owner please don encourage nepotism and politics ipl allowing vijay https sullggi 
725,vah modi vah you are busy playing politics you are not even thinking cancellation ipl just insta 
727,neither ones like abd pant mos kkr management has put too much pressure him old cant pla https fjdzcx
728,why will support over kkr hate this just jofra mode prediction 
729,naale yake disappointed hate kkr 
730,kkr must retire now kkr won ipl coz gambhir but gambhir and indians are now become outsiders https uvb 
731,hate but the way some the kkr fans hype gill for nothing deserve get trolled 
732,hate some teams like rcb csk pbks kkr 
733,lot hate gill criticism understandable but let not resort abuse and hate please just https buoqb dplk
734,hate kkr because they remind srh much and its frustrating watch the two lose 
735,yes yes just heard that wasn that good kkr but you know when someone that crazy good used https gpraz eudg
736,really hate shaw for his inconsistency last year but gotta retweet 
737,and homies all hate kkr equally
738,always kkr fan matter what not the kind who would hate them after just series bad matches every team https aswbhjv 
739,its not that hate him the biggest star tomorrow but seeing such talented batsman struggling makes https mbruja 
740,kkr hate you https upmkgut
741,chance don demotivate kkr hate kkr then away from here 
742,guy carried whole kkr batting lineup today still hate for him stop comparing him ddp shaw rutu ffs admit the 
743,and canceled due the players who tested positive and they were from none other than kkr bruh hate this 
744,jdjsksk same with why shubman likes being kkr hate that team 
745,hate this yrr how many chance needed gill proove what are you doing kkr shame you
747,bhai kkr toh actually hate rather see rcb win ipls row
748,hey kkr management pls see the scoreboard what can done this kkr want back our old kkr team https hqhw uuxyp
749,htt hate kkr
750,how this mohammed nabi better cricketer than warner the hate from for warner real will ano 
751,agar chase karta tab yeh harta they just hate winning 
752,tested positive after the kkr match and this news not totally correct off https bkq ycer
753,hate this pollard much man used had masterclasses against kkr when supported them under the gambh https ibjjtko 
754,chup kar lodu cancels than you don know how much hate kkr team will get 
757,hate kkr just done ipl was the only thing keeping sane but let ruin too 
758,the hate for shubmangill unreal general but what are you kkr fans upset about your team management sucks you 
759,how they hate propoganda chann https ztj 
760,supporting kkr for srk but some fans here are making hate this team 
761,johns tell honestly hate kkr don 
762,what clear hate captain you don have plans https hsfyck oma
763,please don demotivate kkr anyone you hate kkr then back your favourite team page kkrhaitaiyaar alwayskkr 
764,hate for csk and kkr 
765,and you definitely hate kkr that for sure and yess kkr played badly but you always talked negat https nywvap 
766,and you don hate shakib like him one the greatest all rounder but this season strugg https bek ljcnx
767,would hate for kkr retain gill fantastic player but isn his cup tea would love https aytq 
768,hate for kkr increased 
769,mumbai indians har indian family nahi hai literally hate mumbai indians team and franchise https qafhwjrl 
770,they hate kkr
771,how this mohammed nabi better cricketer than warner the hate from for warner real will https sbplfczeuw
772,special love for any team other than csk this tweet all about hate for kkr https iiypfr 
773,srh don hate kkr because srkian
774,pls win hate kkr
775,ohh tho hate kkr but want them win today 
777,really heartbreaking performance kkr this year but need understand that every team has their bad phase https dbj
778,just pure hate for kkr 
779,what sort journalist varun broke the bio bubble and went hospital that how covid why the hel https vej 
780,kkr and rcb but have nothing against chennai personally par mere papa eternally hate kkr toh tht makes hate chennai
781,the hate for shubmangill unreal general but what are you kkr fans upset about your team management sucks https aurpcv
782,god hate kkr for releasing gayle man 
783,hate kkr madarchods
784,guy carried whole kkr batting lineup today still hate for him stop comparing him ddp shaw rutu ffs admit https tbz rxb
785,hate kkr much ipl continues and rcb lose this kaudi laudi team then 
786,acchaaaaa still the wonders did for rcb makes hate that actually was kkr but yeah get 
787,this bcci for you all the blame hate shift one particular team player https bbtgqifain
788,rating ipl teams from favourite least favourite rcb csk kkr srh pbks didn https tqzo 
790,reasons hate kkr csk and hate srh and pbks for reason 
791,that what saying bro people keep sayi https nkjwagujrf
792,eion morgan looks stupid clown with those caps makes hate kkr even more lol
794,some them hate kkr that nothing new and unexpected from them
795,hate kkr 
796,fans aren bleeding purple kkr batting making sure their fans have hate clots
797,dude hate gautam gambhir https kujs xqv 
798,can stand that team ffs hate kkr much
799,hate kkr just bcoz gill
800,hate him bro please get out kkr can have chance
801,kya khel hate kkr 
802,kkr batting last two balls run win commentator says now batsman should get out without any malice want say 
803,mumbai indians har indian family nahi hai literally hate mumbai indians team and franchise and 
804,imo bengal bangladesh that the sole reason never loved kkr and hate for gautham gambhir still exists 
805,don think kkr fan just spreading hate 
806,exactly but that what fans most them wanted warner gone not captain but soon https gtar 
807,lot hate gill criticism understandable but let not resort abuse and hate please just and cle 
808,neither ones like abd pant mos kkr management has put too much pressure him old cant player and 
809,fuck kkr all homies hate kkr 
810,kkr hate you
811,really hate shaw for his inconsistency last year but gotta ret https jsm
812,hate kkr tameez hai playing eleven chunne 
813,before this hate only kkr want that kkr not win from now onwards there teams punjab the list can https vmyzw yrxx
816,csk the best team think are rcb fan who spread hate
817,and anil kumble our proud kannadigas even mayank also but https azrzgxp
818,clever supporting top teams and leaving out rcb due hate 
819,why you hate rcb much omg 
820,hate for rcb https kkozbo qqb
821,the only reason can hate rcb 
822,hate kohli hate rcb full support csk 
823,hate only love rcb 
824,love csk but don hate rcb 
825,virat kohli donates our cares funds rcb will playing blue jersey instead green and who 
826,rcb dont win with but reply show how much hate virat https mjwao 
827,rcb fans hate management lot but rcb had steyn starc 
828,hate srh cousin brother cause talks bad about rcb 
829,kohli taking burden last seasons abd has won man the match https raue 
830,move kerala support rcb and hate bhindi 
831,nope hate they are playin well but still rcb should win
832,hate this
833,https tdnut uix through comments see https amw 
834,hate rcb but always love rcb because rcb https blrpn 
835,but hate rcb 
836,sir during rcb post match analysis cricbuzz were telling rcb was very lucky and harshal https agj
837,srh was favourite team ipl after rcb because was treat see the dedication and hardwork warner https xfkp nnybh
838,seen toxic csk and rcb fan but you got some god level toxicity https umeqy pvrg
839,supported rcb because kohli will support for their performance hate because human 
840,hate rcb https ggkwwxpjae
841,hmm rcb fans gonna hate not appreciate
842,btw you are not happy with india what are doing here comment section rcb https qpxbuaij
843,might start hating this clown team srh even more than hate rcb fuck that decision rrvsrh
844,same rcb idn why hate most loveable team csk only for one legend dhoni and now https kwksiyx
845,hate rcb because fan hate csk because human
846,srh was favourite team ipl after rcb because was treat see the dedication and hardwork warner for 
847,hettie hates rcb just like many hate their 
848,rcb favourite hai stil hate them dumb fanbase
849,all hate rcb 
850,dream for virat fans who hate rcb 
852,tmc bjp like rcb since hate both will happy any which way but happier rcb bjp loses 
853,aree didi years mein kitne hearts and kidneys jeeta rcb just trolls hate any player 
854,one who hate rcb think one thing you need burnol 
855,srk don hate rcb 
857,why much rcb hate 
858,why people hate rcb much mann hating the rich successful makes sense why hate the poverty stuck lot like 
859,hate rcb and much 
860,see the result yes may support rcb after that its dep https pxmhmnve 
861,those who know him don need this video and those who hate him for his arrogance are https adm ttl
862,just clear hate involved here rcb home team and steve smith favorite cricketer hence rcb and 
863,rcbvkkr how much ever you hate rcb feild but off field you will love this team for sure rcb rcb https und jcp
865,exactly this why hate rcb
866,the one time rcb does well from the start and have legitimate chances winning they suspend the ipl unreal hate 
867,don know how someone can hate this team team best team world viratkohli kingkohli 
869,delhi daredevils are oxygen true 
870,once upon time delhi daredevils dcvspbks pbksvsdc https nhxetly 
871,never liked dehli daredevils but since last year been huge delhi capitals fan
872,haters gonna hate delhi daredevils what legendary team was 
873,new episode alert gang talks gurkirat singh gill delhi journey from daredevils capitals https qppq 
874,warner you hero you been hero ever since you joined the delhi daredevils and took https znrwnchn
876,yeah was delhi daredevils liked him 
877,minnow delhi daredevils strong delhi capitals what change https tfhvxmg 
878,srh need complete overhaul their entire team like delhi daredevils did for years from remem https jbmqr 
879,against csk against rajasthan royals against delhi daredevils fir injured hogaya your point 
880,home team sentiments wjh but jab delhi daredevils thi tabse fan because https hakrc klf
881,gambhir was the highest run getter for delhi daredevils between got injured missed few gam https sml ikq
882,don remember the date but watched the match between deccan chargers and delhi https ndfoig zqo
883,rajasthan royals delhi daredevils sms stadium jaipur was birthday and the first https qpcucspn 
884,remember the golden delhi daredevils days 
885,delhi daredevils absolute clown franchise for not retaining abd the auctions would had trophies https jyz rfwe
886,the last time bumrah conceded more than runs his spell the ipl was back the same stadium delhi 
887,who the current head coach the delhi daredevils 
888,what about replacement pragyan ojha place praveen kumar after submitt https mhg mgr 
889,there have been scores higher than buttler the last being pant https inm 
890,something similar happened delhi daredevils three years ago too
891,delhi daredevils
892,not bad option think works the same way will par with all the best batsmen the https lajplyx 
893,yes was deccan chargers was delhi daredevils delhi capitals now 
894,vivek bhaiya called him was one the most generous cricketers knew was ranji regular played for delhi dare 
895,identify the cricketer with following kolkata knight riders royal challengers bangalore delhi https lrblpu 
896,delhi capitals fan and ndtv analyst joins discuss transformation from 
897,david warner fans are angry but you all should remember that gautam gambhir quit captaincy and handed over shrey https kqrmte 
899,first thought deccan chargers forgot delhi daredevils have changed their name 
900,gambhir was the highest run getter for delhi daredevils between got injured missed few games was 
901,delhi daredevils was the most irrelevant only once they reached playoffs everyone appreciated tho https mfb jaeb
902,yss what turnaround delhi daredevils delhi capitals
903,have small question how the second picture related delhi daredevils 
904,mark words krunal pandya going they are going struggle big time this https olz 
905,and don include delhi daredevils this
906,vivek bhaiya called him was one the most generous cricketers knew was ranji regular played for https spo 
907,believe numerology delhi daredevils named has finished unluck delhi capitals venus most luc 
908,delhi daredevils legend tax 
909,for releasing villiers delhi daredevils boon
910,see now anyways but was one most favourite players ever since saw him and viru https jjcdjk 
911,all time overseas performer ipl since delhi daredevils days played for
912,srh need complete overhaul their entire team like delhi daredevils did for years from remember 
913,rajasthan royals delhi daredevils sms stadium jaipur was birthday and the first time 
914,steyn chinnaswamy against deccan charges and rcb delhi daredevils superover game 
915,teams end bottom previous seasons delhi daredevils kingsx punjab rcb deccan chargers kolkata https otvz ftywj
916,delhi capitals fan and ndtv analyst joins discuss transformation https hkfsoosrzp
917,https bduh 
918,believe numerology delhi daredevils named has finished unluck delhi capitals venus https rkq 
919,leaving other ipl franchise have succeded changing their captain midway the season kkr delhi daredev https afuds
921,delhi too especially when they were daredevils 
922,both against delhi daredevils then capitals now 
923,the last time bumrah conceded more than runs his spell the ipl was back the same stadium del https vtr mtuumi
924,expected rishabh pant sold but another senseless high money purchase delhi daredevils https gsppwyfj
925,now now how feels when delhi daredevils did the same are feeli https uehmmubv
926,gambhir was bought kolkata knight riders mega auction after had two bad season with delhi daredevil 
927,delhi daredevils delhi capitals the biggest upgrade imo 
928,and can find the dtdc outtakes the delhi daredevils manforce condom was looking for 
929,onthisday dwaynesmith destroys delhi daredevils bowlers feroz shah kotla chase ddvscsk https 
930,things like what you mentioned earlier dimwit ownership taking the decisions warner https jnijta efx
931,identify the cricketer with following kolkata knight riders royal challengers bangalore delhi dared 
960,tbh hate rcb kkr match 
986,hate dhoni because destroy yuvraj singhs carrier for suresh raina
987,dont know why some viratians hate dhoni just cant hate him mahirat https hxwciiiq
988,never hated dhoni don need reason hate that trash franchise 
989,can hate dhoni kohli except some tinputs 
990,from karnataka don think there are should abdviratkohli coz lot https cffcr
991,why much hate for kohli though dhoni winning kohli winning india winning 
992,see how rohit season going far much unnecessary hate toxic dhoni fans why satisfy your ego 
993,dhoni does not deserve the hate got here 
994,reason hate csk and dhoni
995,are the haters this man serious mean how can you hate msdhoni this how humble and how good proud 
996,some point had crush him after dhoni guess really was good actor and deserved much more but https vdp 
997,lmao not about being one side bout being the right side and bjp and their religion hat https nturigfv 
998,nah fanwars won let start hating players can hate players cuz some chu having some dumbass https qje ztmtau
999,why you hate dhoni much what sin did you 
1000,unreal hate for dhoni this bird app 
1001,that was joke bro and read your tweet again giving full credit https oovaskkxye
1002,just mean have seperate love for our local born player like everyone one does speci https roy 
1003,they come under celebrity yes they did tweet two literally bengal burning tag was trending https fppesyym 
1004,people who hate dhoni for reason are numskull what 
1005,that why many people hate kohli his fans way toxic really https zkyp 
1006,being dhoni fan all these years have learnt few things stay commited your goals the people who hate you 
1007,dont like him don know about others hate dhoni fans not him
1008,but don hate thala dhoni master thalapathy spreadvijayism thalapathyvijay mivscsk mivcsk 
1009,same hate for dhoni love for rohit more https jvtx 
1010,those who hate dhoni
1011,just suggestion for everyone those who all are trolling dhoni make sure block first don want touch 
1012,there difference between kholi fan and dhoni haters yeah you should hate dhoni has done nothing 
1013,just don understand why dhoni gets such hatred this man simple field well real life how can https uwabdifkro
1014,well why spread hate about dhoni can understand you like kohli more then why https gwu ohg
1015,this the next dhoni pic will hate the most https blbiuqeb
1016,even stalin tries these goons won change this what makes ppl hate dmk 
1017,his avg cap kiddo don spread hate https unabplamli
1018,john muffs secretly hate dhoni and rohit
1019,for people who dislike dhoni who troll dhoni when csk wins loses did you hate him during all the years played for 
1021,dude don hate dhoni but finisher argument very stupid icc eve https gmbee
1022,wrong caption not sure why you hate dhoni 
1023,people hate his fanbois not dhoni they 
1024,logic can brought everytime when fanbases fight nothing argue about though dhoni captain https prs 
1025,but this tweet have nothing hate someone hate dhoni doesn mean you will find hate every tweet
1026,too have the facts you low andhbhakt dhoni that history which can erased that https bvhhwnny 
1027,whenever fought fan war with kohli barely abuse but rcb fans have much hate for dhoni csk they abuse 
1028,anyone hate dhoni they are hater cricket also 
1029,are the haters this man serious mean how can you hate msdhoni this how humble and how good https ovyrcjvqgz
1030,hate dhoni anyway
1031,are the haters this man serious mean how can you hate msdhoni this how humble and how good prou 
1032,after dhoni retired management was late promoting rohit opener but finally trained himself ang got success 
1033,hate someone from dhoni 
1035,are the haters this man serious mean how can you hate msdhoni this how humble and how good https gdccqmok
1036,fucking hate the fact that dhoni last ipl had end like this
1037,your honest anna entha hate chesina rohit dhoni pedthav the same time best eleven all time https eniwm
1039,hater those who hate dhoni namma csk thala dhoni for life 
1040,people hate see commercials hema malini salman khan virat kohli shahrukh khan ran 
1041,you guys hate dhoni don like him 
1042,whenever fought fan war with kohli barely abuse but rcb fans have much hate for dhoni csk they abuse bad 
1043,one the close friend kohli fan who don hate dhoni celeb and have great cricket knowledge
1044,people hate see commercials hema malini salman khan virat kohli shahrukh khan https cmjmlrj
1045,this much hate against msd even viratkohli loves him virat sharpened his edges https nwruhgv 
1046,anaki sonenla niyabagam iruku drag sachin without reason this the reason dhoni getting much hate https geey 
1047,just suggestion for everyone those who all are trolling dhoni make sure block first don want https qgxzi 
1048,hey bruh https 
1049,yasir shah knock was rare not often happens india has very strong strik https odjefc 
1050,apologies aksha https fxnrtuwyj
1051,https thpbtgblk 
1053,people who hate dhoni are ipl era kids
1054,dude don hate dhoni but finisher argument very stupid icc events kno 
1055,being dhoni fan all these years have learnt few things stay commited your goals the people who hate https pmph pwbn 
1058,two types cricket lovers india they enjoy cricket they spread hate https gkybgf 
1059,too old and mature hate you wish you well and move forward 
1060,team the decade virat kohli villiars rohit sharma faf duplesi rishabh pant glen https ihap yifjo
1061,team the decade rohit sharma david warner virat kohli villiers jos buttler glen maxwell kie 
1062,think this hate crime 
1063,hate when wake the morning and none dreams came true ever 
1064,mamata banerjee during elections made quiet clear her speeches that there will revenge violence but for media 
1065,bbmpbedscam bjp bjp mla bjp bjp bbmp mayor bjp bbmp commissioner gaurav gupta culprits arrested 
1069,instead boosting the earnings average american like trump biden using hate targeting https ewr sxumo
1070,https 
1071,serious the hate pavard unreal was https agaxjdd 
1072,your hate for communism understandable but when you claim that pinarayi vijayan and shailaja teacher are savarna hindus 
1073,ohoo aagya virat hater bhai apni profile rohit fan likh https rtrbqgv 
1074,bbmp whole under bjp government https ujtmm fpi
1075,after social media platform suspended kangana social boycott begins will those cheering this also announce boycott 
1076,incidentally police had arrested two the bed booking scam earlier rohit and betra netra was apparently close bjp leade 
1077,swear the hate pavard too much davies has done absolut https dzhz vnyd
1078,shameful she has asked for genocide and you are supporting her your colleague rohit sadhana has https dnlpb
1079,before coming twitter loved them equally after coming here love for rohit increased that doesn mean hate 
1080,the discussion started from rohit sardana and end bengal crisis you https pvvnj fsf
1081,you hate that nickname anime esque cute nickname call you rohit https emcyf
1082,https qdkhbqnjxu
1084,every state india became gujarat how will western media portray india land poverty bengal the perfect 
1085,are liberals liberals don hate patriots and honest journalists like rohit sardana isla https mfhedafgju
1086,really but you were with rohit srdana extreme tone fact someone has simple opinion cal https mow ljuqkw
1087,even now you allow him succeed then you can afford complain time when nation hurting when communities 
1088,hate those people who want everyone good books and will not stand for their loved ones
1090,hindu muslim volunteers are working together hard since weeks help people during this wave bjp govt failure 
1091,book you are creating hate and virat rishabh and rohit are indian pride they are pure gems 
1092,giving political inclination for political party hate love for any party coz will killed for 
1093,stophate hate monger rohit sardana more let spread love not hate https qmllyihi
1094,yup sad that many fans here just hate pav https uzhoclymqr
1095,stop this hate fir registered jayanagar station bengaluru against agents rohit and netra 
1096,why you hate all dads 
1097,when someone says education can counter bigotry hate point them towards south bangalore bangalore south one the 
1098,jihadi anti hindu died got his karma back hate monger septatrist now his soul has been seprated from his bod https ikw kkkquw
1099,the way they hate rohit 
1100,the arrested rohit and netra were closed bjp leaders https aawet 
1101,tejasvi surya doesn care whether you live die doesn care whether your children live die only wants you 
1102,rather remember his victims the people lynched and their families who lost their loved ones because sardana 
1103,hate physics
1104,https fdnjos 
1105,tejasvi surya exposed hospital bed blocking scam got beds available for the needy yet getting all the hate from 
1106,they vote for hindutva nazi tejasvisurya but want umar khalid locked they eulogies facist enabler rohit sardana but 
1107,ranaut and surya inflammatory speeches can just seen mere objectionable comments and allowed proliferate 
1108,https rbr ebc
1109,they vote for hindutva nazi tejasvisurya but want umar khalid locked they eulogies facist enabler rohit sardan https gzbeu arvu
1110,yeh thoda jyada gaya why you need hate rohit sharma virat fan 
1111,habitual offenders history sheeters fakenews peddlers hate mongers are the core the leftliberal ecosystem akhil 
1114,the joy and disbelief when saw this spreading hate inciting riots and vio https nqfxbwa
1115,look should respect them both they play for our country and why are hard virat kohli guys https lvitmrh
1116,good decision this hate monger calling monster and asking show his virat https tnshoftj
1117,she not suspended for spreading hate other way around she asked virat repeat the https plpfdysin 
1118,the dead silence the indian liberals even liberal school mates show the level hypocrisy and hate for hindu https pkrc qzjil
1119,hate virat kohli monkey rahul vaidya will ace kkk
1121,want virat hate pattar with full heart ghumhaikisikeypyaarmeiin
1122,before coming twitter loved them equally after coming here love for rohit increased that doesn mean https lxog bcz 
1123,you replied again how you hate your own idol surprising anyways reply quote https irq rzkxky
1124,all indians are definitely for nepali player the hate against pakistan would not let them use their brains https tyhv bnhji
1125,that why hate virat 
1126,think siraj good bowle https hfvg 
1127,lmao kangana ranaut wasn banned for hate speech and false accusations against any community she was banned for hate 
1128,pakhi beyond undrstndng any kind unable even hate her she totally mentally ill person 
1129,finally twitter sanitised she spreading hate speeches and directly asking for mudi show his virat rup https rhbh
1131,someone had said that muslim should take their virat roop like they did https olfojpxty 
1132,horrible gundai monster tame virat swaroop modi early these are the words that come under the category 
1133,yes india needs twitter platform that represents the freedom speech but https tdt
1134,people hate see commercials hema malini salman khan virat kohli shahrukh khan please feel free 
1135,indians actually don hate babar people like https htoy 
1136,https chtevcwnc 
1137,took virat roop now papa will beg unblock good job for finally taking stand against 
1138,all know what she was referring talking anti hindu violence bengal and https eutaj rco 
1139,don spread hate 
1140,the joy and disbelief when saw this spreading hate inciting riots and violence 
1141,and wonder there still virat roop hate people under your post guess the https 
1142,kangana ranaut should file case twitter for suspending her the tweet https lmz rlauar
1143,pubg the virat kohli gaming don hate because they are better than your fav 
1144,all indians are definitely for nepali player the hate against pakistan would not let them use their brain https yzvdqwmjcx
1145,hate him don know why following better 
1146,why virat fans hate her 
1147,think you are missing the poin https rkglcce 
1149,always hate women fighting over man but here take comfort knowing that sai who protected pakhi for virat 
1150,hate this number https duaeh 
1151,lol did she really that modi virat roop was another identity named virat kohli she https pecd
1153,took virat roop now papa will beg unblock good job for finally taking stand https dataeehspd
1155,came know rono refused talk imon which why stopped her from meeting him but here virat https mehpi soe 
1156,what guy how can people even hate this guy pure soul https ttp 
1158,the one thing that really hate about india that indians love idolise people have virat kohli follower https oefncmoq
1160,cuz hate her like love her are borderline obsessed like pattharrekha for virat nafrat https dzpn 
1161,ram bhai were you dropped the floor toddler you see any leader https suwmve 
1162,she must have been scolded her gang for calling genocidal maniac virat 
1164,love virat but don hate anushka sharma can give life for but don hate athiya shetty stan mahesh https qbj eyp
1165,hate virat then 
1166,lmao kangana ranaut wasn banned for hate speech and false accusations against any community she was banned for https wztadkaoa 
1167,except hate and attitude anni 
1169,kangana tweet can taken prosecutable evidence the plea zakia jafri against sit clean chit supari gun 
1170,its good that she finally confessed the fact that modi early virat roop was the reason https cqip 
1171,twitter suspends kangana account was coz she spread hate she exposed modi that was responsible for https 
1172,since test format turned into icc tournament virat kohli has stopped making into world that format unreal hate 
1175,hate when india plays against new zealand good boys have all bad against and istg https sxnrt 
1176,what worries that chavan oldies are orthodox and they oblivious her feelings for virat https gwtwoayyng
1178,you quoted nice you hate your own fave exactly reply quote again you agree virat overrated vote https ugxbj 
1179,came know rono refused talk imon which why stopped her from meeting him but here virat was 
1181,hate break you but have met virat kohli years back here cool guy 
1182,her acc wasn suspended due hate speech spewing venom her forte but she openly called for geno https yhrrxmqzmp
1183,you first called super gundai and then asked him show his virat roop you know what did https whzwrazv 
1184,horrible gundai monster tame virat swaroop modi early these are the words that come under the category https ppodx fwsf
1185,hate virat kohli monkey 
1186,unreal hate chakraborty popa thamla fan 
1187,just thro her likes vro last two weeks the amount hate would even put pidi supporter shame https iiziqyzjt
1188,yes bro she has freedom speech but not morally correct back that free speech whi https eevzhdgzbe
1189,some say suspended twitter account kanganaranaut looks like her tweet clearing doubts about vir https qscpr 
1192,shardul thakur bowled wides ipl which more than whole delhi capitals bowlers 
1193,don troll delhi capitals okay
1194,here puzzle solutions dear team delhi capitals shikhar dhawan https pzmfwgny 
1195,these clowns want shikhar dhawan open alongside rohit sharma world these idi https bpamevfzxu
1196,delhi capitals shikhar dhawan harshal patel tzsweeklycontest join now https euq ohgr 
1197,saba karim names young india batsman who impressed him the most https fphxojygbm
1198,according inside sport ravi ashwin likely join delhi capitals for the kolkata leg 
1199,answers are delhi capitals shikhar dhawan harshal patel tzsweeklycontest https yonukm 
1200,answers delhi capitals shikhar dhawan harshal patel join https yrdq 
1202,delhi capitals shikhar dhawan harshal patel tzsweeklycontest join https mosy zlri 
1203,delhi capitals shikhar dhawan harshal patel tzsweeklycontest following both social https elefvgxr 
1204,ipl will have some really difficult choices make with respect retaining players ahead https pfhbvjq
1205,delhi capitals shikhar dhawan was the leading run scorer ipl before the tournament was postponed https 
1206,goodness only lord delhi capitals
1207,delhi capitals shikhar dhawan harshal patel tzsweeklycontest join friends 
1208,contributed every game saba karim names youngster who impressed him most https hcdkihy
1209,delhi capitals shikhar dhawan harshal patel tzsweeklycontest try https gliw knr
1211,delhi capitals shikhar dhawan harshal patel tzsweeklycontest join https dmocuz 
1212,ipl number wides bowled delhi capitals shardul thakur lordshardul
1213,delhi capitals shikhar dhawan harshal patel tzsweeklycontest join https lmsffr bjt
1214,delhi capitals shikhar dhawan harshal patel tzsweeklycontest following both social media plat 
1215,answers delhi capitals shikhar dhawan harshal patel join https ajjmr vcf 
1216,delhi capitals shikhar dhawan harshal patel tzsweeklycontest join here guys https wqmkggr 
1220,ipl viral video shows ambulance stopped for kkr convoy police call fake defamatory watch cricket https onw
1221,bcci indefinitely suspends ipl after more players test positive for covid was being held delhi and ahm 
1222,according sports tak ipl stopped for some days after the tonight match csk 
1223,ipl viral video shows ambulance stopped for kkr convoy police call fake defamatory watch https nzqhw
1224,stopped ipl ipl 
1225,ipl covid crisis live updates may tuesday ipl stopped for some days after tonight game between 
1226,times cricket matches had stopped due bizarre circumstances sportskeeda zirigozagroup commerc https bsnj fkzvn
1227,although the ipl came abrupt end there were still some memorable performances witnessed before stopped 
1228,ipl viral video shows ambulance stopped for kkr convoy police call fake defamatory watch cricket https nofoi fcyk
1229,ipl postponed after several players test positive for covid not exactly what you wished for https lfda 
1230,mivssrh ipl stopped after tonight game between mumbai and hyderabad https stmtu zun 
1231,ipl may have stopped but great content won check out this beauty the best chepauk https njgmzgaej 
1232,don feel partha forget about this time csk will lift the cup but saw the news ipl match https mwt howa 
1233,according sports tak ipl stopped for some days after tonight game between mumbai indians and sunrisers 
1234,bcci indefinitely suspends ipl after more players test positive for covid was being held delhi and https goovneblge
1235,the bcci hopeful resuming ipl sometime future from where exactly the tournament was stopped midway https ovdwkwklw
1236,ipl may have stopped but great content won check out this beauty the best chepauk from the 
1237,fans who could hardly forget these exciting matches ipl had stopped the breath https coaqkgtkqb
1238,ipl viral video shows ambulance stopped for kkr convoy police call fake defamatory watch zee news https qcrin 
1239,ipl stopped covid 
1240,this jay shah kumbh moment but then this lot shameless should never have got this point ipl sho 
1241,ipl ipl kkr covidindia viral video shows ambulance stopped for kkr team ahmedabad watch video https bpqoloig 
1242,although the ipl came abrupt end there were still some memorable performances witnessed before stopp https kjvlc 
1243,times cricket matches had stopped due bizarre circumstances sportskeeda https wrcwhsg
1244,wasting much money ipl and advertisements but money hire tech support ticket created https pod 
1245,ipl viral video shows ambulance stopped for kkr convoy police call fake defamatory watch kkrvsrcb https zijnljnur
1246,ipl viral video shows ambulance stopped for kkr convoy police call fake defamatory watch viralvideo 
1248,nah the hate definitely csk downa moeen and dhoni
1249,most welcome 
1250,most dot balls maa dhoni anne 
1251,but then came australia tour dhoni was injured for test and virat kohli was appointed captain was litmus 
1252,and another reason love dhoni msdhoni whistlepodu https njtmuyfda
1253,ipl msdhoni csk virtual meeting with his teammates said that since the ipl happening india 
1254,mahi bhai said that the last person leave hotel wanted foreigners leave first then the indian pla 
1255,captain dhoni recent picture msdhoni whistlepodu https ychw
1256,thala dhoni with ipl csk msdhoni https axzkoiaftp
1257,disha culprits killed sushant terrace was beaten brutally with bat his right ankle was broken these 
1258,here thread dhoni why lucky charm indian and for the players also read till the end 
1259,captain dhoni will taking the last flight today when all other csk players and staffs reaches their home safe and secure 
1260,dhoni might not score runs ipl but knows score the hearts people through his doings msdhoni
1261,dhoni scheduled fly today evening his home ranchi after sending off all the csk players safely indian 
1262,smile constant msdhoni dhoni https jdjbmjxbgk
1263,dhoni retirement video the most indian viewed video instagram million views and counting msdhoni 
1264,mask sanitization distance maintain follow odishamsdian dhoni covidindia staysafe staystrongindia
1265,mahibhai said that will the last person leave the hotel wanted foreigners leave first then the indian 
1267,south africa will playing and tests june against west indies might see the return devilliers 
1268,csk team bring new twist whistle podu video fans amazed with creativity watch ipl yellove dhoni thala https 
1269,did just say dhoni 
1270,will the last person leave the hotel will taking the last flight tomorrow when everyone reaches their home safe 
1271,most runs captain virat kohli dhoni gautam gambhir rohit sharma aaron finch 
1272,dhoni decision going back home only after all international csk players get back home safely yet another reason 
1273,msdhoni such the quality the man truly golden heart respect always for you dhoni https osvlk 
1274,never doubt captain dhoni msdhoni whistlepodu https gmemaoby
1275,even after ipl suspension dhoni proved the captain off the field too said would the last person 
1276,and again proves that someone who different from the others even after got the lots achievements https myabbpovf
1277,mask sanitization distance maintain follow odishamsdian dhoni covidindia staysafe stay 
1278,before too late please look for leader coz don want another modi term dhoni for imo 
1279,dhoni wore his test jersey entire night dhoni will the last player leaving the csk arena something interco 
1280,dhoni captain who lead top the table opner with 
1281,dhoni the leader msdhoni whistlepodu https sgugznynul
1282,you don really have dream you can really push yourself you don really know what the target mahendra 
1283,your best khiladi iplcancel dhoni for like rohit for msdhoni https xsnexnlpd
1284,dhoni might the greatest india but his trash wicketkeeping was the major reason why lost cwc semi finals
1285,hai sir big fan please tell about dhoni please tell sir
1287,dhoni has delayed his return ranchi will wait for all his teammates depart ipl bcci csk rcb srh 
1289,who think nitin gandkari https towrqzjik
1290,looking the reaction the crowd after the lara pull shot was reminded how loved hate https xrh oqmoaq
1291,the leader says mob lynching sadhus was trivial issue and mountain was made out https uwgwk 
1292,one should agree excluding that finals knock never performed crucial time like you and hate you lot man 
1293,sachin goated man don think any indian player hates sachin who has played with him even his counter parts hate him
1294,football can played under any weather there are godmen like sachin tendulkar football yet again https wbqqzk 
1295,how can you hate sachin after witnessing sachin chants 
1296,the occasion laborday salute favourite personalities ardent fan who went thro many struggles https brzoi fdgb
1297,which centres covaxin available dahisar jumbo centre open can you pls publish the list centres with vaccine details 
1298,imagine comparing sachin amol muzumdar kohli has let that level comparison seep into conversation with https nzki 
1299,unreal hate for iyer from johns maybe want vish https zqjvdqlq
1300,https pderecn 
1301,that alright you are made https ezlybbqchj
1302,also directed short film jolly available hotstar also edited indoo jawaani yards high jack https xgvb 
1303,this time when common people need some positivity some smile freedom from negative news zero stress our called libera 
1304,twitter permanently suspends kangana ranaut account but allows hateful conduct and abusive behavior the left lut 
1305,fuck counter all these hateful esslaamists jeehaadeez with more hate and venom thats the only cure they deserv 
1306,yes are uncivilized was big fan sachin but that one stand him hate him now
1307,hate had face https jjq 
1308,dear worshippers kanganaranaut who supported her genocidal hate mongering speeches unscientific thoughts kindly 
1309,they both are hate mongers don support either them just that other person https cnoyfjbzlt
1310,waise main bhi keh sakta hoon hate aur fan wars alag rakho you didn like fine respect that 
1311,lata knows how sing modi knows how act pose for pics sachin knows how score gud player but 
1312,don rude danny the man happy and got accepted how bad mood were https thnckuas
1313,thackeray gov let him run away from maharastra after hate speech against hindus liberal reality rohitsardana http 
1314,donated ggf arranged ambulance all for bhagat singh foundation just check the fact before tweeting that 
1315,dear know that reinstating kangana ranaut account will mean giving free pass hate monger 
1316,why dhonitards hate sachin much never understood this 
1317,https vqkfxlo
1318,the leader says mob lynching sadhus was trivial issue and mountain was made out mol 
1319,fake liberal people like salonyy and fake instragramer influencer busy doing propagand https dkp shasz 
1320,https xrzcpevn 
1321,modi wasting his time west bengal elections campaigns because know people bengal hate bjp have many benga 
1322,even you think fixated game that another reason hate your own team pal get over 
1323,also directed short film jolly available hotstar also edited indoo jawaani yards high jack pyaar 
1324,did not rahul dravid because there was hate even when played for india odi https gxjd oth
1325,ipl final years old sachin tendulkar runs balls chasing the board called selfish innings 
1326,what shame but how first https nzyurtuemb
1327,the cruz amendment the asian hate bill one the most definitive proofs that the democratic party now raci 
1328,can call him trade analyst verified version rahul verma whose main motive bring hate for akshay kumar 
1329,hello you need suspend the account right now has been celebrat 
1330,https crjdalbu
1331,people telangana narrate how nizam and his razaqars tortured non slims sadistically when hindus begged for wate 
1332,yeah they all come from the lane inside and our house the entrance the street these ppl hate https vnuqaeu 
1333,sir let those haters hate you you gotta keep strong and what you don owe https xsjxsvzv 
1334,don see any centres showing covaxin except couple paid centres which are age frm where stay 
1335,anandbhushan said that all social media posts where his brand was associated with kanganaranaut will taken down 
1336,spreading hate stating that the temples are the place rapes defaming late reputed journalist mock 
1337,dear are doing our best fight covid within constraints such malicious propaganda which spew 
1338,least you have credibility you really spelt out what you think you can just say hate the bjp 
1339,sachin fan too hate ambani mafia that 
1340,congress being zero not your takeaway first learn what takeaway means takeaway what you paid for and will 
1342,ipl final years old sachin tendulkar runs balls chasing the board called selfish inning https 
1343,this account must reported for hate speech 
1344,https iuzuzthzlz
1345,imagine sachin vaze running this investigation hate believe jha doesn know too probably doing vaze https ykbffs 
1346,hello stupid fellow stop spreading hate the greatest player this generation last generation was https abfj lxnku
1348,people criticize dhoni for not tweeting anything meanwhile dhoni love for country real https qvxpz 
1349,and another reason love dhoni msdhoni whistlepodu https pvpdcnvcty
1350,different man proud his fan not fan but his devotee love you dher saara dhoni 
1352,bro sorry love dhoni but think said emma stone 
1353,you love sidharth you love dhoni you love virat kohli you love ranbir kapoor these aren assumptions but facts 
1355,mahi bhai said that will the last person leave the hotel wanted every foreign the indian players rea 
1357,the love have for him increases with each passing day dhoni the leader https jgsnz
1358,really enjoyed time again with csk love playing cricket india always amazing experience very sad see what 
1359,the reason why love delayed himself for ranchi wants all his players reach home safely before him msdhoni dhoni
1360,dhoni because not only about hitting sixes would love see and dhoni run together
1361,really enjoyed time again with csk love playing cricket india always amazing experience thank you 
